,title,published
0,Live updates: Texas among four states to record single-day highs of reported virus infections,2020-06-25
1,U.S. marshals told to prepare to help protect monuments nationwide as Trump targets people who vandalize structures during protests,2020-06-24
2,"Devin Nunes cannot sue Twitter over fake cow parody account, judge rules",2020-06-24
3,Georgia grand jury indicts three men in killing of Ahmaud Arbery,2020-06-24
4,"Nooses, hangings and cross burnings: Imagery of America’s dark racial history sparks fear nationwide",2020-06-24
5,Congo declares end of world’s second-largest Ebola outbreak,2020-06-25
6,NASCAR releases noose photo and defends process but can’t determine who tied it,2020-06-25
7,"Christian Pulisic’s dazzling goal lifts Chelsea, clinches Premier League title for Liverpool",2020-06-25
8,SNL is proof that blackface has long been an issue in comedy,2020-06-25
9,"Dixie Chicks drop Dixie, change name to The Chicks: ‘We want to meet this moment’",2020-06-25
10,CDC chief says coronavirus cases may be 10 times higher than reported,2020-06-25
11,The Fed is cracking down on big banks to guard against risk posed to the financial system from coronavirus,2020-06-25
12,Live updates: Texas among four states to record single-day highs of reported virus infections,2020-06-25
13,Live updates: Texas among four states to record single-day highs of reported virus infections,2020-06-25
14,Live updates: Texas among four states to record single-day highs of reported virus infections,2020-06-25
15,Live updates: Texas among four states to record single-day highs of reported virus infections,2020-06-25
16,Live updates: Texas among four states to record single-day highs of reported virus infections,2020-06-25
17,Why covid-19 has hit Chicago’s black community the hardest,
18,Mapping the worldwide spread of the coronavirus,
19,Cultural institutions reopen with a more hands-off approach,2020-06-25
20,"Flood of hikers, protective gear requirements could pose challenges for search-and-rescue teams",2020-06-25
21,Here’s how to transform coleslaw from cookout supporting player to star,2020-06-25
22,"Police chiefs are cracking down on misconduct — including brutality and overt racism — and losing their own jobs, too",2020-06-25
23,House poised to pass broad police reform legislation in wake of George Floyd’s killing,2020-06-25
24,"Trump lashes out at Black Lives Matter, accuses one member of ‘treason’",2020-06-25
25,Soldiers’ cases highlight reach of white supremacy in U.S. military,2020-06-25
26,Opinion | Democrats are finally voting for D.C. statehood. Now they need to keep pushing.,2020-06-25
27,Opinion | What Charles Booker’s run tells us about the 2020 election,2020-06-25
28,Opinion | Joe Biden and the empathy gap,2020-06-25
29,Kids need spaces to call their own. The pandemic denies them that.,2020-06-24
30,Opinion | The only proper end to the Flynn case is to hear it to the end,2020-06-24
31,Israeli annexation could crush Palestinians’ hopes. That could be dangerous. - The Washington Post,2020-06-25
32,Opinion | Democrats’ shameful vote against Tim Scott’s police reform bill,2020-06-25
33,If you can’t take me out to the ballgame — or spit — it’s not baseball,2020-06-25
34,Opinion | Terry McAuliffe may not see a second term,2020-06-24
35,Tamir Rice’s mother on the trauma of loss,2020-06-25
36,Live updates: Texas among four states to record single-day highs of reported virus infections,2020-06-25
37,‘We are just gonna go out and start slaughtering them’: Three cops fired after racist talk of killing black residents,2020-06-25
38,New research explores how conservative media misinformation may have intensified coronavirus,2020-06-25
39,CDC chief says coronavirus cases may be 10 times higher than reported,2020-06-25
40,"Trump lashes out at Black Lives Matter, accuses one member of ‘treason’",2020-06-25
41,"Pelosi resists calls for Barr’s impeachment, saying the November election will be ‘the solution to many problems’",2020-06-25
42,Trump’s pick for Manhattan U.S. attorney refuses to say he would recuse from probes of president’s associates,2020-06-25
43,"As fireworks complaints rattle cities across the country, police promise to push back",2020-06-25
44,"Who will solve the great fireworks mystery, and will we ever sleep again?",2020-06-22
45,"Under siege from Trump, U.S. Postal Service finds surprising financial upside in pandemic",2020-06-25
46,She wants to socially distance. He doesn’t. Can their relationship survive?,2020-06-25
47,Are the police trying to stop you from taking that cellphone video? Check your First Amendment rights.,2020-06-24
48,Terms of Service,2011-11-18
49,Privacy Policy,2011-11-18
50,Trump visits Wisconsin as new polls show Biden building a lead in the battleground state,2020-06-25
51,White House intensifies effort to install Pentagon personnel seen as loyal to Trump,2020-06-25
52,The ridiculous coronavirus denialism of Trump’s top economic adviser,2020-06-25
53,Republicans are choosing rosy assessments of coronavirus that do not match reality,2020-06-25
54,The Trailer: What worked and what didn't in Tuesday's primary contests,2020-06-25
55,Supreme Court agrees with Trump administration on limits for asylum seekers,2020-06-25
56,Know who’s not convinced of how much Trump has done for black Americans? Black Americans.,2020-06-25
57,Harry Reid’s latest dubious claim about elections,2020-06-25
58,Biden to Trump: ‘Stop trying to get rid of the Affordable Care Act’,2020-06-25
59,Coronavirus sweeps through Afghanistan’s security forces,2020-06-24
60,López Obrador’s plan to meet Trump in Washington draws criticism in Mexico,2020-06-25
61,"The coronavirus is jeopardizing a ‘very, very finite’ workforce: Africa’s doctors and nurses",2020-06-25
62,"After protests, a Unilever skin cream popular in India will no longer promote a ‘Fair & Lovely’ look",2020-06-25
63,Moroccan journalist and government critic called in for questioning,2020-06-25
64,How did face masks divide America?,2020-06-25
65,Duda thanks Trump for 'stressing historical truths' about Poland's involvement in WWII,2020-06-24
66,"Trump, Poland's Duda respond to allegations of election interference",2020-06-24
67,Trump administration wants drilling on more than two-thirds of the largest swath of U.S. public land,2020-06-25
68,Court in New York rejects effort to block book by President Trump’s niece,2020-06-25
69,New planets discovered orbiting a star 11 light-years away,2020-06-25
70,Coronavirus deaths lag behind surging infections but may catch up soon,2020-06-24
71,Trump health officials say they are not ‘pulling the rug’ out from testing sites,2020-06-24
72,CDC and drugmakers boost flu vaccine doses amid fears of an unprecedented respiratory illness season,2020-06-24
73,"Treasury sent more than 1 million coronavirus stimulus payments to dead people, congressional watchdog finds",2020-06-25
74,Another 1.48 million workers are newly unemployed,2020-06-25
75,Chuck E. Cheese parent company files for bankruptcy,2020-06-25
76,"Trump touts ‘colossal’ military spending at Wisconsin shipyard as economic turmoil, polls suggest he could lose Midwest",2020-06-25
77,"Macy’s slashing 3,900 white-collar jobs, roughly 25 percent of its corporate workforce",2020-06-25
78,Hedge fund manager stands to profit on ‘flip’ of taxpayer-funded coronavirus drug,2020-06-11
79,"RGIII on his time with the Redskins, being an African American quarterback and social change",2020-06-25
80,"Deck-climbing, dog-racing, break dancing: One NFL player’s quarantine workout stands out",2020-06-25
81,"NFL cancels Hall of Fame Game, says teams will open training camps on time",2020-06-25
82,"NWSL Challenge Cup opens this weekend, making women’s soccer first U.S. team sport back",2020-06-25
83,Wizards likely to sign Jerian Grant to replace Davis Bertans for NBA restart,2020-06-25
84,Bubba Wallace promises to continue his activism: ‘It’s not about racing. It’s about race’,2020-06-25
85,"Fans will be allowed to attend the Kentucky Derby, with restrictions",2020-06-25
86,"Prince George’s, hard-hit by virus, will move to Phase 2 on Monday",2020-06-25
87,"After sharp declines, virus numbers may be starting to plateau in the region",2020-06-24
88,"Those we have lost to the coronavirus in Virginia, Maryland and D.C.",2020-04-06
89,Toppling more statues isn’t working when there’s other work to be done,2020-06-25
90,Trump White House officially opposes D.C. statehood ahead of historic vote,2020-06-24
91,Advanced Towing Company sued by Virginia attorney general,2020-06-25
92,"PM Update: Scattered storms, some severe, through sunset mostly north of District",2020-06-25
93,Hate crime charges added against self-identified KKK leader accused of driving through protesters in Richmond,2020-06-25
94,"D.C. attorney general sues oil and gas companies, alleging industry misled public about climate change",2020-06-25
95,D.C. activists and lawmakers confront challenges of ‘Defund Police’ movement,2020-06-25
96,Virginia universities propose $200 million plan for coronavirus testing during upcoming school year,2020-06-25
97,Suspects arrested in two unrelated homicides in District,2020-06-25
98,Disney’s Splash Mountain is getting a new theme following petitions over its original inspiration,2020-06-25
99,Cartoons are satirizing John Bolton’s new book about Trump,2020-06-25
100,"Carolyn Hax: Well, they started it! Let’s not get childish about children.",2020-06-24
101,Ask Amy: Dad needs to rewrite his father’s old scripts,2020-06-25
102,Miss Manners: Caller ID issues not easily solved,2020-06-25
103,‘I’ll Be Gone in the Dark’ isn’t just another true-crime docuseries. It’s a brilliant look at how the genre pulls us in.,2020-06-24
104,Will 2020 be the year we get a live-action black Captain America?,2020-06-25
105,Voraciously - recipes,
106,Style Conversational Week 1390: The Style Invitational Empress on this week’s contest and results,2020-06-25
107,Little Orpheus video game review,
108,Style Invitational Week 1390: Same differences — our compare/contrast game,2020-06-25
109,The best things to do — virtually and in person — while quarantined in the D.C. area,2020-04-02
110,What to watch on Thursday: ‘Doom Patrol’ returns on HBO Max,2020-06-23
111,Everything is fine and normal. Just ask the mannequin at the next table.,2020-06-24
112,Fill your picnic basket with these 6 packable recipes,2020-06-25
113,Spicy Caramel Popcorn is a good fit for that socially distant get-together,2020-06-25
114,Coconut adds a tropical touch to this summer berry crisp,2020-06-24
115,Let these baked chicken nuggets and tahini potato salad power your next picnic,2020-06-23
116,4 ways to feature limes in their best light,2020-06-22
117,"Fire up the grill for these 9 chicken recipes, including barbecue, jerk and bang bang",2020-06-20
118,Ice pops are a quintessential summer treat. Here’s how to make your own.,2020-06-19
119,Disney delays California park reopenings after surge of coronavirus cases in the state,2020-06-25
120,"5 important lessons travelers, chefs and writers learned from Anthony Bourdain",2020-06-25
121,How to set (and stick to) a vacation budget,2020-06-24
122,Alaska was expecting a record 1.4 million cruise visitors. Now it faces a summer with none.,2020-06-24
123,LAX is testing fever-detecting cameras as passengers depart and arrive,2020-06-22
124,Is safe travel possible during coronavirus? I biked and camped to find out.,
125,A woman went into labor midflight. Two Carnival cruise ship nurses stepped in to deliver the baby.,2020-06-22
126,"The future of travel, according to guidebook writer Rick Steves",2020-06-22
127,Photos of Civil War reenactors,2020-06-22
128,Animal Crossing’s massive popularity has made it less like paradise and more like Wall Street,
129,Photos: Juneteenth celebrations across the country,2020-06-19
130,Wrapped up in the Confederate flag,2020-06-20
131,Mexico’s Central de Abasto: How coronavirus tore through Latin America’s largest market,2020-06-21
132,Why the 2020 Kentucky Senate primary mattered so much to these women,
133,Why the 2020 Kentucky Senate primary mattered so much to these women,
134,Ask Dr. Andrea: I gained weight during self-quarantine. Now I’m scared to see people again.,
135,Ask Dr. Andrea: I gained weight during self-quarantine. Now I’m scared to see people again.,
136,"Will restaurants ever be the same, wonders this life-long restaurant worker",
137,"Will restaurants ever be the same, wonders this life-long restaurant worker",
138,PostEverything,
139,The coronavirus is still in the first wave in the U.S.,2020-06-20
140,I’m an ardent Zionist. But Israel’s annexation makes no sense.,2020-06-25
141,Covid-19 outbreaks at jails and prisons should make us rethink incarceration,2020-06-25
142,Made by History,
143,"Leading in Local Communities, for the Health of America",2020-05-19
144,Lessons learned for better healthcare after the pandemic,2020-05-08
145,Leadership of The Washington Post newsroom,
146,Terms of Sale for Print Products,2014-05-08
147,Terms of Sale for Digital Products,2014-05-06
148,Discussion and Submission Guidelines,
149,RSS Terms of Service,2012-01-16
150,Ad choices,2011-11-18
151,Opinions Live with Eugene Robinson,2020-06-30
152,Opinions Live with Eugene Robinson,2020-06-30
153,Ask Tom: Discussions and Live Q&A's,2010-07-06
154,Chatological Humor: Live Discussions with Gene Weingarten,2010-07-06
155,The Washington Post,2010-07-06
156,Ask Tom: Discussions and Live Q&A's,2010-07-06
157,Color of Money Live: Discussions and Live Q&A's,2010-07-06
158,Alexandra Petri,2010-07-06
159,Free Range on Food: Live Discussions with Post Food Section Staff,2010-07-06
160,Home Front: Live Discussions and Q&A's,2010-07-06
161,- The Washington Post,2011-03-10
162,Capital Weather Gang,
163,"To expand dining options, restaurants take to the streets",2020-06-24
164,Distinguished homes for sale in the D.C. region,2020-06-25
165,Mortgage rate remains at historic low,2020-06-25
166,Reinventing ‘the burbs’ with an urban twist,2020-06-24
167,"State Department accuses 10 countries, including China and North Korea, of government-sponsored human trafficking",2020-06-25
168,'Tokyo Ueno Station' by Yu Miri book review,2020-06-24
